{"cameraMode":{"drawMode":0,"name":"Shaded","section":"Shading Mode"},"sceneLighting":false,"audioPlay":false,"sceneViewState":{"m_AlwaysRefresh":false,"showFog":true,"showSkybox":false,"showFlares":true,"showImageEffects":true,"showParticleSystems":true,"showVisualEffectGraphs":true,"m_FxEnabled":true},"in2DMode":false,"pivot":{"x":0.04052136093378067,"y":0.3713425397872925,"z":0.04134569689631462},"rotation":{"x":-0.6910408139228821,"y":-0.001534382696263492,"z":0.0014360863715410233,"w":-0.7228429317474365},"size":0.39553335309028628,"orthographic":false}