{"cameraMode":{"drawMode":0,"name":"Shaded","section":"Shading Mode"},"sceneLighting":false,"audioPlay":false,"sceneViewState":{"m_AlwaysRefresh":false,"showFog":true,"showSkybox":false,"showFlares":true,"showImageEffects":true,"showParticleSystems":true,"showVisualEffectGraphs":true,"m_FxEnabled":true},"in2DMode":false,"pivot":{"x":-0.005389666184782982,"y":0.4914499521255493,"z":-3.9877331256866457},"rotation":{"x":0.0011679365998134018,"y":0.9991421699523926,"z":-0.051003120839595798,"w":-0.0033498567063361408},"size":3.0315256118774416,"orthographic":false}