{"cameraMode":{"drawMode":0,"name":"Shaded","section":"Shading Mode"},"sceneLighting":false,"audioPlay":false,"sceneViewState":{"m_AlwaysRefresh":false,"showFog":true,"showSkybox":false,"showFlares":true,"showImageEffects":true,"showParticleSystems":true,"showVisualEffectGraphs":true,"m_FxEnabled":true},"in2DMode":false,"pivot":{"x":-0.03852923959493637,"y":0.21461720764636994,"z":0.2163596898317337},"rotation":{"x":-0.6758201718330383,"y":0.22200660407543183,"z":-0.22541150450706483,"w":-0.6657586693763733},"size":0.630090594291687,"orthographic":false}