{"cameraMode":{"drawMode":0,"name":"Shaded","section":"Shading Mode"},"sceneLighting":false,"audioPlay":false,"sceneViewState":{"m_AlwaysRefresh":false,"showFog":true,"showSkybox":false,"showFlares":true,"showImageEffects":true,"showParticleSystems":true,"showVisualEffectGraphs":true,"m_FxEnabled":true},"in2DMode":false,"pivot":{"x":-0.5687796473503113,"y":0.8583176732063294,"z":-0.07082022726535797},"rotation":{"x":0.026884563267230989,"y":0.9736346006393433,"z":-0.1797632873058319,"w":0.14091047644615174},"size":1.6169133186340333,"orthographic":false}