{"cameraMode":{"drawMode":0,"name":"Shaded","section":"Shading Mode"},"sceneLighting":false,"audioPlay":false,"sceneViewState":{"m_AlwaysRefresh":false,"showFog":true,"showSkybox":false,"showFlares":true,"showImageEffects":true,"showParticleSystems":true,"showVisualEffectGraphs":true,"m_FxEnabled":true},"in2DMode":false,"pivot":{"x":0.03721556067466736,"y":0.7242472767829895,"z":0.16381466388702393},"rotation":{"x":0.010145758278667927,"y":0.09345601499080658,"z":0.0009529695962555707,"w":-0.9955740571022034},"size":1.531525731086731,"orthographic":false}