{"cameraMode":{"drawMode":0,"name":"Shaded","section":"Shading Mode"},"sceneLighting":false,"audioPlay":false,"sceneViewState":{"m_AlwaysRefresh":false,"showFog":true,"showSkybox":false,"showFlares":true,"showImageEffects":true,"showParticleSystems":true,"showVisualEffectGraphs":true,"m_FxEnabled":true},"in2DMode":false,"pivot":{"x":-0.48718640208244326,"y":1.2913802862167359,"z":0.07437529414892197},"rotation":{"x":-0.00035496283089742064,"y":0.9960201978683472,"z":-0.09260813891887665,"w":-0.013844272121787072},"size":2.4950225353240969,"orthographic":false}