{"cameraMode":{"drawMode":0,"name":"Shaded","section":"Shading Mode"},"sceneLighting":false,"audioPlay":false,"sceneViewState":{"m_AlwaysRefresh":false,"showFog":true,"showSkybox":false,"showFlares":true,"showImageEffects":true,"showParticleSystems":true,"showVisualEffectGraphs":true,"m_FxEnabled":true},"in2DMode":false,"pivot":{"x":0.02018296718597412,"y":1.4339191913604737,"z":0.28252899646759035},"rotation":{"x":0.010145758278667927,"y":0.09345601499080658,"z":0.0009529695962555707,"w":-0.9955740571022034},"size":0.8660253882408142,"orthographic":false}