{"cameraMode":{"drawMode":0,"name":"Shaded","section":"Shading Mode"},"sceneLighting":false,"audioPlay":false,"sceneViewState":{"m_AlwaysRefresh":false,"showFog":true,"showSkybox":false,"showFlares":true,"showImageEffects":true,"showParticleSystems":true,"showVisualEffectGraphs":true,"m_FxEnabled":true},"in2DMode":false,"pivot":{"x":0.23704580962657929,"y":0.4791276454925537,"z":0.573154866695404},"rotation":{"x":0.0005702153430320323,"y":0.9990472197532654,"z":-0.05159498378634453,"w":0.011244955472648144},"size":1.5670205354690552,"orthographic":false}