{"cameraMode":{"drawMode":0,"name":"Shaded","section":"Shading Mode"},"sceneLighting":false,"audioPlay":false,"sceneViewState":{"m_AlwaysRefresh":false,"showFog":true,"showSkybox":false,"showFlares":true,"showImageEffects":true,"showParticleSystems":true,"showVisualEffectGraphs":true,"m_FxEnabled":true},"in2DMode":false,"pivot":{"x":-0.7238091826438904,"y":-2.3384416103363039,"z":0.38074252009391787},"rotation":{"x":-0.14622385799884797,"y":0.8486407995223999,"z":-0.30527493357658389,"w":-0.4064907431602478},"size":0.6941116452217102,"orthographic":false}