{"cameraMode":{"drawMode":0,"name":"Shaded","section":"Shading Mode"},"sceneLighting":false,"audioPlay":false,"sceneViewState":{"m_AlwaysRefresh":false,"showFog":true,"showSkybox":false,"showFlares":true,"showImageEffects":true,"showParticleSystems":true,"showVisualEffectGraphs":true,"m_FxEnabled":true},"in2DMode":false,"pivot":{"x":0.07272261381149292,"y":0.5217032432556152,"z":0.006626009941101074},"rotation":{"x":0.25484418869018557,"y":-0.1128254160284996,"z":0.029954923316836358,"w":0.9599157571792603},"size":0.9745779633522034,"orthographic":false}