{"cameraMode":{"drawMode":0,"name":"Shaded","section":"Shading Mode"},"sceneLighting":false,"audioPlay":false,"sceneViewState":{"m_AlwaysRefresh":false,"showFog":true,"showSkybox":false,"showFlares":true,"showImageEffects":true,"showParticleSystems":true,"showVisualEffectGraphs":true,"m_FxEnabled":true},"in2DMode":false,"pivot":{"x":0.0025034099817276,"y":0.035064101219177249,"z":0.3424978256225586},"rotation":{"x":-0.6449832320213318,"y":0.2276238203048706,"z":-0.21018704771995545,"w":-0.6986184120178223},"size":0.7113456130027771,"orthographic":false}