{"cameraMode":{"drawMode":0,"name":"Shaded","section":"Shading Mode"},"sceneLighting":false,"audioPlay":false,"sceneViewState":{"m_AlwaysRefresh":false,"showFog":true,"showSkybox":false,"showFlares":true,"showImageEffects":true,"showParticleSystems":true,"showVisualEffectGraphs":true,"m_FxEnabled":true},"in2DMode":false,"pivot":{"x":0.07775566726922989,"y":0.2981297969818115,"z":0.24189980328083039},"rotation":{"x":-0.6191372275352478,"y":0.23754793405532838,"z":-0.20418938994407655,"w":-0.7201509475708008},"size":0.584419310092926,"orthographic":false}