{"cameraMode":{"drawMode":0,"name":"Shaded","section":"Shading Mode"},"sceneLighting":false,"audioPlay":false,"sceneViewState":{"m_AlwaysRefresh":false,"showFog":true,"showSkybox":false,"showFlares":true,"showImageEffects":true,"showParticleSystems":true,"showVisualEffectGraphs":true,"m_FxEnabled":true},"in2DMode":false,"pivot":{"x":-0.11043155193328858,"y":0.4323633313179016,"z":-0.14691734313964845},"rotation":{"x":0.25484418869018557,"y":-0.1128254160284996,"z":0.029954923316836358,"w":0.9599157571792603},"size":0.7059879302978516,"orthographic":false}