{"cameraMode":{"drawMode":0,"name":"Shaded","section":"Shading Mode"},"sceneLighting":false,"audioPlay":false,"sceneViewState":{"m_AlwaysRefresh":false,"showFog":true,"showSkybox":false,"showFlares":true,"showImageEffects":true,"showParticleSystems":true,"showVisualEffectGraphs":true,"m_FxEnabled":true},"in2DMode":false,"pivot":{"x":-0.17726010084152223,"y":1.5428637266159058,"z":-2.0096044540405275},"rotation":{"x":0.0006159805925562978,"y":1.0000096559524537,"z":-0.01382408943027258,"w":-0.025808963924646379},"size":1.8315258026123047,"orthographic":false}