{"cameraMode":{"drawMode":0,"name":"Shaded","section":"Shading Mode"},"sceneLighting":false,"audioPlay":false,"sceneViewState":{"m_AlwaysRefresh":false,"showFog":true,"showSkybox":false,"showFlares":true,"showImageEffects":true,"showParticleSystems":true,"showVisualEffectGraphs":true,"m_FxEnabled":true},"in2DMode":false,"pivot":{"x":-0.361847460269928,"y":0.624038577079773,"z":1.5113592147827149},"rotation":{"x":0.13582506775856019,"y":-0.009179419837892056,"z":0.0016600396484136582,"w":0.9911106824874878},"size":1.5205068588256837,"orthographic":false}