{"cameraMode":{"drawMode":0,"name":"Shaded","section":"Shading Mode"},"sceneLighting":true,"audioPlay":false,"sceneViewState":{"m_AlwaysRefresh":false,"showFog":true,"showSkybox":true,"showFlares":true,"showImageEffects":true,"showParticleSystems":true,"showVisualEffectGraphs":true,"m_FxEnabled":true},"in2DMode":false,"pivot":{"x":-17.51683235168457,"y":-19.862136840820314,"z":286.8144226074219},"rotation":{"x":-0.04227636754512787,"y":0.03209766373038292,"z":-0.0013186577707529069,"w":-0.9986225962638855},"size":155.56539916992188,"orthographic":false}