{"cameraMode":{"drawMode":0,"name":"Shaded","section":"Shading Mode"},"sceneLighting":true,"audioPlay":false,"sceneViewState":{"m_AlwaysRefresh":false,"showFog":true,"showSkybox":false,"showFlares":true,"showImageEffects":true,"showParticleSystems":true,"showVisualEffectGraphs":true,"m_FxEnabled":true},"in2DMode":false,"pivot":{"x":3.768172025680542,"y":-7.6995391845703129,"z":16.463241577148439},"rotation":{"x":0.23934434354305268,"y":0.08164389431476593,"z":-0.01945110596716404,"w":0.9677360653877258},"size":11.319506645202637,"orthographic":false}