{"cameraMode":{"drawMode":0,"name":"Shaded","section":"Shading Mode"},"sceneLighting":true,"audioPlay":false,"sceneViewState":{"m_AlwaysRefresh":false,"showFog":true,"showSkybox":false,"showFlares":true,"showImageEffects":true,"showParticleSystems":true,"showVisualEffectGraphs":true,"m_FxEnabled":true},"in2DMode":false,"pivot":{"x":3.7517285346984865,"y":2.493427276611328,"z":-1.794034719467163},"rotation":{"x":-0.17739731073379517,"y":0.3107866048812866,"z":-0.059162963181734088,"w":-0.9319042563438416},"size":0.8660253882408142,"orthographic":false}