{"cameraMode":{"drawMode":0,"name":"Shaded","section":"Shading Mode"},"sceneLighting":false,"audioPlay":false,"sceneViewState":{"m_AlwaysRefresh":false,"showFog":true,"showSkybox":false,"showFlares":true,"showImageEffects":true,"showParticleSystems":true,"showVisualEffectGraphs":true,"m_FxEnabled":true},"in2DMode":false,"pivot":{"x":0.24639259278774262,"y":1.065144658088684,"z":0.1622348129749298},"rotation":{"x":-0.13527533411979676,"y":0.6849836111068726,"z":-0.1316719353199005,"w":-0.7037336826324463},"size":1.0307763814926148,"orthographic":false}